TYPE,LICENSEE,PROGRAM NAME,TYPE OF APPLICATION,"LICENSING 
DEPARTMENT",BEDS,COUNTY,FACILITY ADDRESS,CITY,ZIP CODE,CERTIFICATE NUMBER
CTF,Star View Children And Family Services Inc.,Star View Children And Family Services,Certified,CDSS,44,Los Angeles,,Los Angeles,90505,MHCF120144
CTF,Vista Del Mar Child And Family Serices,Vista Del Mar Child And Family Services,Certified,CDSS,24,Los Angeles,,Los Angeles,91030,MHCF05012
SRP,"A Better Life Recovery, LLC dba A Mission for Michael",A Mission for Michael (Blue Lantern),Certified,CDSS,6,Orange,33721 Blue Lantern,Dana Point,92629,MHBT200328
SRP,"A Better Life Recovery, LLC dba A Mission for Michael",A Mission for Michael (Campeon),Certified,CDSS,6,Orange,26006 Campeon,Laguna Niguel,92677,MHBT200330
SRP,"A Better Life Recovery, LLC dba A Mission for Michael",A Mission for Michael (Crystal Lantern)  ,Certified,CDSS,6,Orange,34142 Crystal Lantern,Dana Point,92629,MHBT200307
SRP,"A Better Life Recovery, LLC dba A Mission for Michael",A Mission for Michael (Goldenbush),Certified,CDSS,6,Orange,6477 Goldenbush Drive,Carlsbad,92011,MHBT210354
SRP,"A Better Life Recovery, LLC dba A Mission for Michael",A Mission for Michael (Grayston),Certified,CDSS,6,Orange,24171 Grayston Drive,Lake Forest,92630,MHBT200341
SRP,"A Better Life Recovery, LLC dba A Mission for Michael",A Mission for Michael (Hoover),Certified,CDSS,6,Orange,1155 Hoover Street,Carlsbad,92008,MHBT210355
SRP,"A Better Life Recovery, LLC dba A Mission for Michael",A Mission for Michael (Paseo Michelle),Certified,CDSS,6,Orange,28334 Paseo Michelle,San Juan Capistrano,92675,MHBT200344
SRP,"A Better Life Recovery, LLC dba A Mission for Michael",A Mission for Michael (Passeo Valencia),Certified,CDSS,6,Orange,31101 Paseo Valencia,San Juan Capistrano,92675,MHBT200308
SRP,"A Better Life Recovery, LLC dba A Mission for Michael",A Mission for Michael (Sunnybrook),Certified,CDSS,6,Orange,24262 Sunnybrook Circle,Lake Forest,92630,MHBT200332
SRP,"A Better Life Recovery, LLC dba A Mission for Michael",A Mission for Michael (Via Banderas),Certified,CDSS,6,Orange,26972 Via Banderas,San Juan Capistrano,92675,MHBT200331
SRP,"A Better Life Recovery, LLC dba A Mission for Michael",A Mission for Michael (Waterwheel),Certified,CDSS,6,Orange,26065 Waterwheel Place,Laguna Hills,92653,MHBT200340
SRP,Community Support Network,A Step Up,Certified,CDSS,12,Sonoma,420 East Cotati Avenue,Cotati,94931,MHAT910041
SRP,Transitions - Mental Health Association,Adult Transitional Program,Certified,CDSS,12,San Luis Obispo,1511 Osos Street,San Luis Obispo,93401,MHAT910021
SRP,"Akua Behavioral Health, Inc.",AKUA Behavioral Health Inc. I,Certified,CDSS,6,Orange,373 Ralcam Place,Costa Mesa,92627,MHBT170239
SRP,"Akua Behavioral Health, Inc.",AKUA Behavioral Health Inc. II,Certified,CDSS,6,Orange,324 University Dr. ,Costa Mesa,92627,MHBT170240
SRP,"Akua Behavioral Health, Inc.",AKUA Behavioral Health Inc. III,Certified,CDSS,6,Orange,725 W. 20th Street,Costa Mesa,92627,MHBT200326
SRP,"Akua Behavioral Health, Inc.",AKUA Behavioral Health Inc. IV,Certified,CDSS,14,Sacramento,10821 & 10827 Fair Oaks Blvd.,Fair Oaks,95628,MHBT200311
SRP,"Akua BehavioralHealth, Inc.",Akua Behavioral Health Inc. V,Certified,CDSS,6,Orange,1119 Sunflower Avenue,Costa Mesa,92626,MHBT200348
SRP,"Bay Area Commuinity Services, Inc.",Amber House Crisis Residential,Certified,CDSS,16,Alameda,516 31st Street,Oakland,94609,MHBS190291
SRP,Exodus Recovery Inc,AMHS Exodus Crisis Residential Program (Be Well),Certified,CDSS,15,Orange,265 S. Anita Drive,Orange,92868,MHBS210351
SRP,Telecare Corporation,AMHS Telecare Treehouse Crisis Residential Central,Certified,CDSS,15,Orange,"401 S. Tustin Street, Bldg. D",Orange,92866,MHBS100174
SRP,Telecare Corporation,AMHS Telecare Treehouse Crisis Residential North,Certified,CDSS,6,Orange,2026 West Beacon Avenue,Anaheim,92804,MHBS180245
SRP,Telecare Corporation,AMHS Telecare Treehouse Crisis Residential South,Certified,CDSS,6,Orange,25402 Pacifica Avenue,Mission Viejo,92691,MHBS170231
SRP,"Recovery Innovations, Inc.",ART Indio,Certified,CDSS,15,Riverside,82380 Miles Ave.,Indio,92201,MHBT200338
SRP,"Avalon By the Sea AC, Inc",Avalon Malibu,Certified,CDSS,6,Los Angeles,32420 Pacific Coast Highway,Malibu,90265,MHBS130186
SRP,AXIS Mental Health LLC,Axis I,Certified,CDSS,6,Orange,1604 W. Santa Ana Blvd.,Santa Ana,92703,MHBT170232
SRP,"Baker Places, Inc.",Baker Street House,Certified,CDSS,16,San Francisco,730 Baker St.,San Francisco,94115,MHBT170219
SRP,Bel Air Health Services Inc.,Bel Air Home,Certified,CDSS,6,Los Angeles,11240 Chalon Road,Los Angeles,90049,MHBS200324
SRP,"Bonita House, Inc","Bonita House, Inc.",Certified,CDSS,15,Alameda,1410 Bonita Ave.,Berkeley,94709,MHAT910024
SRP,"Interim, Inc",Bridge House,Certified,CDSS,14,Monterey,601/603 Bayonet Circle,Marina,93933,MHBT180242
SRP,Crestwood Behavioral Health INC,Bridge Program - Bakersfield,Certified,CDSS,15,Kern,6744 Eucalyptus Drive,Bakersfield,93306,MHBT090170
SRP,Crestwood Behavioral Health INC,Bridge Program - Fresno,Certified,CDSS,15,Fresno,153 North U Street,Fresno,93701,MHBT040147
SRP,"Bridges To Recovery, LLC",Bridges to Recovery (Charing Cross),Certified,CDSS,6,Los Angeles,10201 Charing Cross Road,Los Angeles,90024,MHBS130185
SRP,"Bridges To Recovery, LLC",Bridges to Recovery (Foothills),Certified,CDSS,6,Los Angeles,725 Foothill Road,Beverly Hills,90272,MHBS120179
SRP,Telecare Corporation,Brighter Tomorrows ,Certified,CDSS,15,Ventura,1750 South Lewis Road Ste. B,Camarillo,93012,MHBL060156
SRP,"Cambridge Mental Health Management, LLC","Cambridge Mental Health Management, LLC",Certified,CDSS,6,Orange,4 Summit,Irvine,92603,MHBT200346
SRP,"Star View Children and Family Services, Inc.",Capital Star Crisis Residential Program,Certified,CDSS,15,Sacramento,3815 Marconi Avenue,Sacramento,95821,MHBS200337
SRP,"Berkeley Place, Inc",Casa De La Vida,Certified,CDSS,13,Alameda,421 Fairmount Ave.,Oakland,94611,MHAT910003
SRP,Encompass Community Services,Casa Pacific,Certified,CDSS,12,Santa Cruz,"321 E. Beach Street
(Mailing: 380 Encincal Street, Suite 200, Santa Cruz, CA 95060)",Watsonville,95076,MHBT100175
SRP,Community Research Foundation,Casa Pacifica,Certified,CDSS,14,San Diego,321 Cassidy Street,Oceanside,92054,MHAT910051
SRP,Buckelew Programs,Casa Rene Social Rehab,Certified,CDSS,10,Marin,1109 Sir Francis Drake Blvd,Kentfield,94904,MHBS130188
SRP,"B.R.I.D.G.E.S, Inc.",Casitas Esperanza,Certified,CDSS,12,Los Angeles,"11925 1/4, 1/2, 11931 Elliott Ave.",El Monte,91732,MHBL030141
SRP,"B.R.I.D.G.E.S, Inc.",Casitas Tranquilas,Certified,CDSS,15,Los Angeles,"11921, 23, 25, 27, 29 Elliott Ave.",El Monte,91732,MHBL950113
SRP,"Central Star Behavioral Health, Inc.",Central Star Crisis Residential Treatment,Certified,CDSS,16,Fresno,496 South Barton Avenue,Fresno,93702,MHBS190259
SRP,"Central Star Behavioral Health, Inc.",Central Star Crisis Residential Unit ,Certified,CDSS,16,Merced,"301 East 13th Street, Suite D",Merced,95341,MHBS190258
SRP,"La Mesa Business Associates, LLC",Clear Bridge Social Rehabilitation,Certified,CDSS,6,San Diego,5495 Wellesley Street,La Mesa,91942,MHBT140192
SRP,"Clearview Centers, LLC",Clearview Treatment Programs,Certified,CDSS,6,Los Angeles,2616 Grandview Avenue,Venice,90291,MHBS200321
SRP,Star Behavioral Health,Coastal Star Crisis Residential Center,Certified,CDSS,15,Orange,401 S. Tustin Street Bldg. D,Orange,92866,MHBS200335
SRP,"Community Solutions for Children, Families, and Individuals",Community Solutions Crisis Residential ,Certified,CDSS,15,Santa Clara,115 Madrone Ave,Morgan Hill,95037,MHBS170237
SRP,Community Support Network,Community Support Network - E Street House,Certified,CDSS,10,Sonoma,201 South E Street,Santa Rosa,95404,MHBT930087
SRP,Yolo Community Care Continuum,Cornerstone Crisis Residential,Certified,CDSS,14,Placer,101 Cirby Hills,Roseville,95678,MHBS150194
SRP,Montage Recovery CA LLC,Costa Colina,Certified,CDSS,6,Los Angeles,3341 Country Club Drive,Los Angeles,90019,MHBT190292
SRP,MONTAGE RECOVERY SOLUTIONS LLC,Costa Colina II,Certified,CDSS,6,Los Angeles,17801 TWILIGHT LANE,ENCINO,91316,MHBS200336
SRP,MONTAGE RECOVERY SOLUTIONS LLC,Costa Colina IV,Certified,CDSS,6,Los Angeles,2900 KANAN DUME ROAD,MALIBU,90265,MHBS200339
SRP,MONTAGE RECOVERY SOLUTIONS LLC,Costa Colina V,Certified,CDSS,10,Los Angeles,2890 KANAN DUME ROAD,MALIBU,90265,MHBS200342
SRP,MONTAGE RECOVERY SOLUTIONS LLC,Costa Colina VI,Certified,CDSS,6,Los Angeles,15367 VALLEY VISTA BLVD.,SHERMAN OAKS,91403,MHBS200347
SRP,"Creative Care, Inc","Creative Care, Inc. (Crater Camp)",Certified,CDSS,6,Los Angeles,730 Crater Camp Drive,Calabasas,91302,MHBS160205
SRP,"Creative Care, Inc","Creative Care, Inc. (Mulholland)",Certified,CDSS,6,Los Angeles,24592 Mulholland Highway,Calabasas,91302,MHBS200320
SRP,Mark Melden ,Crownview Psychiatric Institute Inc.,Certified,CDSS,6,San Diego,1110 Camino Del Sol Cir.,Carlsbad,92008,MHBT200333
SRP,Guardian Health Care Services,D'Amore Healthcare (Deegan),Certified,CDSS,6,Orange,2534 South Deegan Drive,Santa Ana,92704,MHBS180243
SRP,Guardian Health Care Services,D'Amore Healthcare (Grant),Certified,CDSS,6,Orange,3044 Grant Ave ,Costa Mesa,92626,MHBS160214
SRP,Guardian Health Care Services,D'Amore Healthcare (S. Rene),Certified,CDSS,6,Orange,2902 S. Rene Drive,Santa Ana,92704,MHBT190278
SRP,Community Research Foundation,Del Sur Crisis Center,Certified,CDSS,12,San Diego,892 27th Street,San Diego,92154,MHAS910045
SRP,Encompass Community Services,El Dorado Residential,Certified,CDSS,16,Santa Cruz,"941 El Dorado Avenue
(Mailing: 380 Encincal Street, Suite 200, Santa Cruz, CA 95060)",Santa Cruz,95062,MHBT960125
SRP,3855 Brunston LLC,Elevation Behavioral Health,Certified,CDSS,6,Los Angeles,3855 Brunston Court,Westlake Village,91362,MHBS200334
SRP,"Elevaton Behavioral Health, LLC",Elevations,Certified,CDSS,6,Los Angeles,3836 Kanan Road,Agoura Hills,91301,MHBS200322
SRP,Community Research Foundation,Esperanza Crisis Center,Certified,CDSS,16,San Diego,490 N Grape St,Escondido,92025,MHBS160207
SRP,Caminar/CLC ,Eucalyptus House,Certified,CDSS,12,San Mateo,2 Edgewood Court,Daly City,94014,MHAT910042
SRP,Didi Hirsch Psychiatric Service,Excelsior House,Certified,CDSS,14,Los Angeles,1007 Myrtle Ave.,Inglewood,90301,MHAS910005
SRP,Exodus Recovery Inc,Exodus Overland Crisis Residential Treatment Program,Certified,CDSS,12,Los Angeles,3754-56 Overland Avenue,Los Angeles,90034,MHBS170236
SRP,First Light Recovery LLC,"First Light Recovery, LLC",Certified,CDSS,6,Orange,31211 Casa Grande Drive,San Juan Capistrano,92675,MHBT200319
SRP,Crestwood Behavioral Health INC,Freise Hope House,Certified,CDSS,14,Kern,721 8th Street,Bakersfield,93304,MHBS160209
SRP,God’s Love Outreach Ministries,G.L.O.M. A.R.F. 3,Certified,CDSS,15,San Joaquin,1117 S. Grant St,Stockton,95206,MHBS190268 
SRP,God’s Love Outreach Ministries,G.L.O.M. A.R.F. 4,Certified,CDSS,15,San Joaquin,8210 Bright Road,French Camp,95231,MHBT190269 
SRP,God’s Love Outreach Ministries,G.L.O.M. A.R.F. 5,Certified,CDSS,16,San Joaquin,458 Almond Drive,Lodi,95240,MHBS190270 
SRP,Compassion Valley LLC,Garfield Wellness & Recovery Center,Certified,CDSS,6,Sacramento,6110 Garfield Avenue,Sacramento,95841,MHBL200134
SRP,Gateways Hospital and Mental Health Center ,Gateways Hospital - Social Rehab Program,Certified,CDSS,16,Los Angeles,423 N. Hoover Street,Los Angeles,90004,MHBS170242
SRP,WM Healthcare Management LLC,Golden Ventura CRT,Certified,CDSS,15,Ventura,350 Hillmont Avenue,Ventura,93003,MHBS190264  
SRP,"Baker Places, Inc.",Grove Street House,Certified,CDSS,9,San Francisco,2157 Grove St.,San Francisco,94117,MHBS170220
SRP,Growth Extended Inc.,Growth Extended Inc.,Certified,CDSS,6,Los Angeles,15743 Covello Street,Lake Balboa,91406,MHBS200313
SRP,Community Research Foundation,Halcyon Center,Certified,CDSS,14,San Diego,1664 Broadway,El Cajon,92021,MHAS910047
SRP,Caminar/CLC  ,Hawthorne House,Certified,CDSS,12,San Mateo,251 Jackson Ave.,Redwood City,94062,MHBT940101
SRP,Clare Foundation Inc. ,Healing House ,Certified,CDSS,16,Los Angeles,1865 9th Street,Santa Monica,90404,MHBS180247
SRP,Mount Helix Treatment Center ,Helix Healing and Recovery,Certified,CDSS,6,San Diego,10383 Bonnie Lane,La Mesa,91941,MHBT150202
SRP,"Helping Hearts California, LLC",Helping Hearts Aurora,Certified,CDSS,6,San Bernardino,13132 Aurora Avenue ,Victorville,92392,MHBL190262
SRP,"Helping Hearts California, LLC",Helping Hearts Blackwood,Certified,CDSS,6,San Bernardino,11253 Blackwood Street,Fontana,92337,MHBL190295
SRP,"Helping Hearts California, LLC",Helping Hearts Bonanza,Certified,CDSS,10,San Bernardino,14516 Bonanza Rd.,Victorville,92392,MHBL180241
SRP,"Helping Hearts California, LLC",Helping Hearts Euclid,Certified,CDSS,10,San Bernardino,747 Euclid Avenue,Ontario,91762,MHBT160210
SRP,"Helping Hearts California, LLC",Helping Hearts Kern,Certified,CDSS,10,San Bernardino,2421 Kern Street,San Bernardino,92407,MHBL170225
SRP,"Helping Hearts California, LLC",Helping Hearts Visconti,Certified,CDSS,10,San Bernardino,1288 Visconti Drive,Colton,92324,MHBL150193
SRP,Telecare Corporation,House of Transition,Certified,CDSS,15,Ventura,1750 South Lewis Road Ste. C,Camarillo,93012,MHBL060157
SRP,Crestwood Behavioral Health INC,Hummingbird Healing House,Certified,CDSS,15,San Diego ,"5550 University Avenue, Suite B",San Diego,92105,MHBT190260
SRP,"Interim, Inc","Interim, Inc. Manzanita",Certified,CDSS,15,Monterey,200 Casentini Street,Salinas,93907,MHAS910061
SRP,Willow Glenn Care Center,Iris House ,Certified,CDSS,10,Butte,556 Cohasset Road,Chico,95926,MHBS160211
SRP,"BH-SD Social Rehab LM, LLC",Jackson House,Certified,CDSS,15,San Diego,5332 Jackson Drive,La Mesa,91942,MHBS170235
SRP,"BH-IC OPCO, LLC",Jackson House El Centro,Certified,CDSS,16,Imperial,2364 South 2nd Street,El Centro,92243,MHBS190303
SRP,"BH-RC OPCO, LLC",Jackson House Temecula,Certified,CDSS,16,Riverside,28999 Old Town Front Street #101,Temecula,92590,MHBS200306
SRP,Community Research Foundation,Jary Barreto Crisis Center ,Certified,CDSS,14,San Diego,2865 Logan Ave,San Diego,92113,MHAS910050
SRP,Telecare Corporation,Jay Mahler Recovery Center,Certified,CDSS,16,Alameda,15430 Foothill Blvd,San Leandro,94578,MHBS150203
SRP,"Baker Places, Inc.",Jo Ruffin Place,Certified,CDSS,16,San Francisco,"333 7th St.
(Mailing: 170 9th Street, San Francisco, CA 94103)",San Francisco,94103,MHBT170221
SRP,Didi Hirsch Psychiatric Service,Jump Street,Certified,CDSS,10,Los Angeles,1233 S. La Cienega Blvd.,Los Angeles,90035,MHBS940100
SRP,The Resource Environment for Underprivilege Group,KIMBILIO,Certified,CDSS,12,Alameda,1480 159th Street,San Leandro,94578,MHBT190257
SRP,"Community Solutions, Inc",La Casa Del Puente,Certified,CDSS,12,Santa Clara,17415 Depot Street,Morgan Hill,95037,MHAT910039
SRP,Momentum For Mental Health,La Selva,Certified,CDSS,12,Santa Clara,652 Forest Ave.,Palo Alto,94301,MHAT910002
SRP,RYLIST. INC,La Ventana Treatment Program (Berea),Certified,CDSS,6,Ventura,1508 Berea Circle,Thousand Oaks,91362,MHBT210349
SRP,RYLIST. INC,La Ventana Treatment Program (Briar),Certified,CDSS,6,Ventura,779 Briar Cliff Road,Thousand Oaks,91360,MHBT190293
SRP,RYLIST. INC,La Ventana Treatment Program (La Granada),Certified,CDSS,6,Ventura,2479 La Granada Drive,Thousand Oaks,91362,MHBT200309
SRP,Momentum For Mental Health,Litteral House,Certified,CDSS,14,Santa Clara,96 South 14th Street,San Jose,95112,MHBS930085
SRP,"Interim, Inc",Manzanita Monterey,Certified,CDSS,13,Monterey,343 Dela Vina Avenue,Monterey,93940,MHBS180244
SRP,Mental Wellness KS Inc.,Mental Wellness KS Inc.,Certified,CDSS,6,Riverside,502 N. Cerritos Road,Palm Springs,92262,MHBT210353
SRP,Momentum For Mental Health,Momentum for Mental Health - FSP Residential,Certified,CDSS,16,Santa Clara,436 N. White Road,San Jose,95127,MHAS910040
SRP,Momentum For Mental Health,Momentum for Mental Health Crisis Residential,Certified,CDSS,16,Santa Clara,101 Jose Figueres Avenue,San Jose,95127,MHBS170234
SRP,Montage Recovery CA LLC,Montare at the Boulevard,Certified,CDSS,6,Los Angeles,4944 Lindley Avenue,Encino,91316,MHBT210356
SRP,Montage Recovery CA LLC,Montare at the Valley 2,Certified,CDSS,6,Los Angeles,15347 Sutton Street,Sherman Oaks,91403,MHBT210357
SRP,Montage Recovery CA LLC,Montare on the Hill,Certified,CDSS,6,Los Angeles,4156 Sunswept Drive,Studio City,91604,MHBT210358
SRP,Telecare Corporation,Muriel Wright Recovery Center CRT,Certified,CDSS,15,Santa Clara,"298 Bernal Road, Ste A",San Jose,95119,MHBS190297
SRP,NATIONAL PSYCHIATRIC CARE AND REHAB INC,National Phoenix,Certified,CDSS,6,Alameda,740 Hollyhock Drive,San Leandro,94578, MHBS190273 
SRP,"NATIONAL PSYCHIATRIC CARE AND REHAB SERVICES, INC","National Psychiatric Care and Rehab Services Inc 
(Tice)",Certified,CDSS,12,Contra Costa,2181 Tice Valley Blvd.,Walnut Creek,94595,MHBS190299
SRP,NATIONAL PSYCHIATRIC CARE AND REHAB INC,National Psychiatric Care and Rehab Services Inc (5th),Certified,CDSS,15,Santa Clara,650 South 5th Street,San Jose,95112,MHBS150201
SRP,NATIONAL PSYCHIATRIC CARE AND REHAB INC,National Psychiatric Care and Rehab Services Inc (Rosalind),Certified,CDSS,16,Sacramento,1532 Rosalind Street,Sacramento,95838,MHBS170226
SRP,NATIONAL PSYCHIATRIC CARE AND REHAB INC,National Rohnert Park,Certified,CDSS,6,Sonoma,1033 San Francisco Way,Rohnert Park,94928,MHBS190274  
SRP,NATIONAL PSYCHIATRIC CARE AND REHAB INC,National San Joaquin,Certified,CDSS,14,San Joaquin,401 South Airport Way,Manteca,95337,MHBS190275  
SRP,NATIONAL PSYCHIATRIC CARE AND REHAB INC,National Vallejo,Certified,CDSS,6,Solano,3467 Edgewater Place,Vallejo,94591, MHBS190276    
SRP,"Bay Area Commuinity Services, Inc.",Nevin House,Certified,CDSS,16,Contra Costa,3221/3215 Nevin Avenue,Richmond,94804,MHBT190272
SRP,Maati Services LLC ,New Journeys Behavioral Health,Certified,CDSS,6,Orange,7 Maslow Court,Irvine,92620,MHBT190301
SRP,Community Research Foundation,New Vistas,Certified,CDSS,14,San Diego,734 10th Ave.,San Diego,92101,MHAS910048
SRP,"Bay Area Commuinity Services, Inc.",Nierika House,Certified,CDSS,16,Contra Costa,1959/67 Solano Way,Concord,94520,MHBS190271
SRP,"Insight Psychology & Addiction, Inc.",Nsight Psychology & Addiction,Certified,CDSS,6,Orange,"206 W. Sierra Drive
(Mailing: 4000 Birch Street, Suite 112, Newport Beach, CA 92660",Santa Ana ,92707,MHBS180240
SRP,Nevada County Mental Health,Odyssey House,Certified,CDSS,10,Nevada,995 Helling Way,Nevada City,95959,MHBT960119
SRP,"Pace Recovery Center, LLC ","PACE Recovery Center, LLC",Certified,CDSS,6,Orange,211 22nd Street,Huntington Beach,92648,MHBS180248
SRP,"Paradigm Treatment Centers, LLC",Paradigm Malibu - Beach House,Certified,CDSS,6,Los Angeles,29245 Cliffside Drive,Malibu,90265,MHBS190277
SRP,Crestwood Behavioral Health INC,Pathways,Certified,CDSS,16,Humboldt,2370 Buhne Street,Eureka,95501,MHBT160204
SRP,Progress Foundation,"Progress Foundation
Ashbury House",Certified,CDSS,10,San Francisco,212 Ashbury St.,San Francisco,94117,MHBT940104
SRP,Progress Foundation,"Progress Foundation
Avenues",Certified,CDSS,12,San Francisco,1443 7th Ave.,San Francisco,94122,MHBS990132
SRP,Progress Foundation,"Progress Foundation
Bella House",Certified,CDSS,12,Napa,1046 Bella Drive,Napa,94558,MHBT060154
SRP,Progress Foundation,"Progress Foundation
Carroll House",Certified,CDSS,6,San Francisco,73 Anderson St.,San Francisco,94110,MHAT910036
SRP,Progress Foundation,"Progress Foundation
Clay House",Certified,CDSS,16,San Francisco,2210 Clay St.,San Francisco,94115,MHBT960120
SRP,Progress Foundation,"Progress Foundation
Cortland House",Certified,CDSS,10,San Francisco,77 Cortland St.,San Francisco,94110,MHBT200816
SRP,Progress Foundation,"Progress Foundation
Dore Residence",Certified,CDSS,14,San Francisco,52 Dore St Unit 1,San Francisco,94103,MHBS090168
SRP,Progress Foundation,"Progress Foundation
Dorine Loso House",Certified,CDSS,14,San Francisco,405 Baker Street,San Francisco,94117,MHBT070160
SRP,Progress Foundation,"Progress Foundation
Harstad House",Certified,CDSS,10,Sonoma,1120 Gordon Lane,Santa Rosa,95404,MHBS160213
SRP,Progress Foundation,"Progress Foundation
La Amistad",Certified,CDSS,13,San Francisco,2481-2483 Harrison Street,San Francisco,94110,MHAT910031
SRP,Progress Foundation,"Progress Foundation
La Posada",Certified,CDSS,10,San Francisco,810 Capp St.,San Francisco,94110,MHAS910032
SRP,Progress Foundation,"Progress Foundation
Parker Hill Place",Certified,CDSS,12,Sonoma,3371 Parker Hill Road,Santa Rosa,95404,MHBT130183
SRP,Progress Foundation,"Progress Foundation
Progress House #1",Certified,CDSS,10,San Francisco,25 Beulah St.,San Francisco,94117,MHAT910034
SRP,Progress Foundation,"Progress Foundation
Progress Place Napa",Certified,CDSS,8,Napa,3133 Laurel Street,Napa,94558,MHAS910011
SRP,Progress Foundation,"Progress Foundation
Progress Sonoma",Certified,CDSS,10,Sonoma,3400 Montgomery Drive,Santa Rosa,95405,MHBS070159
SRP,Progress Foundation,"Progress Foundation
Rypins House",Certified,CDSS,6,San Francisco,1405 Guerrero St.,San Francisco,94110,MHAT910035
SRP,Progress Foundation,"Progress Foundation
Shrader House",Certified,CDSS,12,San Francisco,50 Shrader St,San Francisco,94117,MHAS910001
SRP,"Psych Health Centers, INC ",Psych Health Centers,Certified,CDSS,16,Riverside,1404 N. Palm Canyon Drive,Palm Springs,92262,MHBT200305
SRP,Caminar,Redwood House,Certified,CDSS,16,San Mateo,248 Redwood Ave.,Redwood City,94061,MHAS910020
SRP,Discovery Practice Management Inc.,"Resilience Residential Treatment 
(Hunter)",Certified,CDSS,6,San Bernardino ,2062 Hunter Road,Chino Hills,91709,MHBS190298
SRP,Restorative Residential,"Resilience Residential Treatment Center 
(Oak Pass)",Certified,CDSS,6,Los Angeles,9714 Oak Pass Road,Beverly Hills,90210,MHBT200317
SRP,"Resurgence California, LLC","Resurgence California, LLC",Certified,CDSS,6,Orange,3072 Madison Ave.,Costa Mesa,92626,MHBT200329
SRP,"Recovery Innovations, Inc","RI International CRT, Indio",Certified,CDSS,15,Riverside,"47915 Oasis Street, Suite C",Indio,92201,MHBS190267
SRP,"Cascade Management Company, LLC",Ridgeview Residential Center,Certified,CDSS,16,Shasta,"2096 Cascades Blvd., Suite B",Shasta Lake City,96019,MHBT200312
SRP,"Baker Places, Inc.",Robertson Place,Certified,CDSS,12,San Francisco,921 Lincoln Way,San Francisco,94122,MHBT170222
SRP,"Bay Area Commuinity Services, Inc.",Rosewood Crisis Residential,Certified,CDSS,16,Solano,508 Alabama St,Vallejo,94590,MHBS160212
SRP,Yolo Community Care Continuum,Safe Harbor Crisis House,Certified,CDSS,14,Yolo,584 Kentucky Avenue,Woodland,95695,MHAS910018
SRP,Los Angeles Centers for Alcohol and Drug Abuse,Safe Haven,Certified,CDSS,16,Los Angeles,12580 Lakeland Avenue,Santa Fe Springs,90670,MHBS200323
SRP,"Baker Places, Inc.",San Jose Place,Certified,CDSS,12,San Francisco,673 San Jose Ave.,San Francisco,94110,MHBT170223
SRP,"Sanctuary Centers of Santa Barbara, Inc.","Sanctuary Centers of Santa Barbara, Inc.",Certified,CDSS,12,Santa Barbara,"222 W. Valerio Street
(Mailing: PO Box 551, Santa Barbara, CA 93102)",Santa Barbara,93101,MHAT910021
SRP,Crestwood Behavioral Health INC,Santa Barbara Crisis Residential,Certified,CDSS,10,Santa Barbara,66 S. San Antonio ,Santa Barbara,93110,MHBS190265
SRP,South Coast Children's Society,SCCS TAY Residential Program,Certified,CDSS,6,Orange," 3344 Nevada Ave
(Mailing: 27261 Las Ramblas, Suite 220, Mission Viejo, CA 92691)",Costa Mesa,92626,MHBT180246
SRP,South Coast Children's Society,SCCS TAY Social Crisis Rehabilitation Program,Certified,CDSS,6,Orange,590 Traverse Drive,Costa Mesa,92626,MHBS102209
SRP,Seasons Recovery Centers LLC,"Seasons Recovery Centers, LLC",Certified,CDSS,6,Los Angeles,27901 West Winding Way,Malibu,90265,MHBS170233
SRP,Serene Behavioral Health LLC,Serene Behavioral Health,Certified,CDSS,6,Orange,31471 Paseo Duran,San Juan Capistrano,92675,MHBT200318
SRP,HEALTHRIGHT 360,Serenity House,Certified,CDSS,13,San Mateo,3701 Hacienda Street,San Mateo,94403,MHBS180250
SRP,"Shanti Recovery Services, Inc.",Shanti Recovery Services,Certified,CDSS,6,Orange,31211 Casa Grande Drive,San Juan Capistrano,92675,MHBT180238
SRP,County of Shasta,Shasta County Mental Health,Certified,CDSS,15,Shasta,2640 Breslauer Way,Redding,96001,MHBS080165
SRP,Sierra Meadows Behavioral Health A Professional PS,Sierra Meadows Behavioral Health (Deauville),Certified,CDSS,6,Fresno,2343 Deauville Circle,Clovis,93619,MHBS200315
SRP,Sierra Meadows Behavioral Health. ED AL,Sierra Meadows Behavioral Health (Jasmine),Certified,CDSS,6,Fresno,1747 North Jasmine Ave.,Clovis,93619,MHBS210352
SRP,"SoCal Empowered, LLC",SoCal Empowered LLC,Certified,CDSS,6,Orange,22602 Costa Bella Drive,Lake Forest ,92630,MHBS190280
SRP,South Coast Behavioral Health ,South Coast Behavioral Health ,Certified,CDSS,6,Orange,6 Banyan Tree ,Irvine ,95612,MHBT190302
SRP,"Southern California Sunrise Recovery Center, LLC",Southern California Sunrise Recovery Center (Gloriosa),Certified,CDSS,6,Orange,25481 Gloriosa Drive,Mission Viejo,92691,MHBS200316
SRP,"Southern California Sunrise Recovery Center, LLC","Southern California Sunrise Recovery Center, LLC (Augustin)",Certified,CDSS,6,Orange,24372 Augustin St. ,Mission Viejo,92691,MHBS210350
SRP,"ST JOHN CORINTHIAN CARE, LLC","St. John Corinthian Care, LLC",Certified,CDSS,6,Alameda ,1000 102nd STREET,OAKLAND,94603,MHBS200345
SRP,Telecare Corporation,Starship,Certified,CDSS,15,Ventura,1750 South Lewis Road Ste. D,Camarillo,93012,MHBL060158
SRP,Momentum For Mental Health,Sub-Acute Residential Treatment (SART) ,Certified,CDSS,16,Santa Clara,230 N. Morrison Avenue,San Jose,95126,MHAS910059
SRP,Telecare Corporation,Telecare Agnes Lane,Certified,CDSS,10,Santa Barbara,116 Agnes Avenue,Santa Maria,93458,MHBS190296
SRP,Telecare Corporation,Telecare Carmen Lane,Certified,CDSS,12,Santa Barbara,212 West Carmen Lane Ste. 201,Santa Maria,93458,MHBS190266
SRP,Telecare Corporation,Telecare Hope House,Certified,CDSS,16,Contra Costa,300 Ilene Street,Martinez,94553,MHBS140191
SRP,Telecare Corporation,Telecare Riverside County Crisis Residential - Lagos,Certified,CDSS,16,Riverside,"9890 County Farm Road Building 3
(Mailing: PO Box 7010, Riverside, CA 92503)",Riverside,92503,MHBS170228
SRP,Telecare Corporation,Telecare San Joaquin Crisis Residential Services (Jeremy House),Certified,CDSS,6,San Joaquin,5634 Jeremy Way,Stockton,95212,MHBS130184
SRP,Encompass Community Services,Telos,Certified,CDSS,10,Santa Cruz,"3035 Prather Lane
(Mailing: 380 Encinal Street, Suite 200, Santa Cruz, 95060)",Santa Cruz,95065,MHBS080162
SRP,Yolo Community Care Continuum,The Farmhouse,Certified,CDSS,10,Yolo,"24321 County Road 96
(Mailing:  PO Box 431)",Davis,95616,MHAL910006
SRP,The Gooden Center,The Gooden Residential Wellness Center,Certified,CDSS,6,Los Angeles,378 N El Molino Ave.,Pasadena,91101,MHBT160217
SRP,The Gooden Center,The Gooden Residential Wellness Center #3,Certified,CDSS,6,Los Angeles,2520 Cross Street,La Crescenta,91214,MHBT180252
SRP,The Gooden Center,The Gooden Residential Wellness Center #4,Certified,CDSS,6,Los Angeles,539 N. Los Robles,Pasadena,91101,MHBT190261
SRP,The Gooden Center,The Gooden Residential Wellness Center at Holliston Court,Certified,CDSS,6,Los Angeles,146 N. Holliston Avenue,Pasadena,91106,MHBT170243
SRP,Crestwood Behavioral Health INC,The Pathway,Certified,CDSS,16,Contra Costa,550 Patterson Boulevard,Pleasant Hill,94523,MHBT060153
SRP,"The Teen Project, Inc. ","The Teen Project, Inc. ",Certified,CDSS,16,Los Angeles,8142 Sunland Blvd. ,Sun Valley,91352,MHBS200304
SRP,Willow Glenn Care Center,Trinity Pines,Certified,CDSS,12,Butte,2753 White Avenue,Chico,95973,MHBT150200
SRP,"Triumph Healthcare, LLC",Triumph Healthcare,Certified,CDSS,6,Orange,26126 Oroville PL,Laguna Hills,92653,MHBT190300
SRP,Turning Point Community Programs,"Turning Point Community Programs
Bender Court Crisis",Certified,CDSS,6,Sacramento,6825 Bender Court,Sacramento,95820,MHBS140189
SRP,Turning Point Community Programs,"Turning Point Community Programs
Crisis Residential Program II",Certified,CDSS,15,Sacramento,505 M Street,Rio Linda,95673,MHBS150208
SRP,Turning Point Community Programs,"Turning Point Community Programs
Crisis Residential Program III",Certified,CDSS,15,Sacramento,7415 Henrietta Drive,Sacramento,95822,MHBS180254
SRP,Turning Point Community Programs,"Turning Point Community Programs
Viking Drive Crisis Residential Program",Certified,CDSS,15,Sacramento,3440 Viking Drive,Sacramento,95827,MHBS200343
SRP,Community Research Foundation,Turning Point Crisis Center,Certified,CDSS,11,San Diego,1738 S. Tremont Street,Oceanside,92054,MHAS910046
SRP,Turning Point Community Programs,Turning Point Crisis Residential Treatment Program,Certified,CDSS,12,Sacramento,4801 34th Street,Sacramento,95820,MHBS920077
SRP,Valley Star Behavioral Health Inc,"Valley Star Crisis Residential Treatment 
 Morongo Oasis Center",Certified,CDSS,16,San Bernardino,60805 29 Palms Highway,Joshua Tree,92252,MHBS180251
SRP,Valley Star Behavioral Health Inc,"Valley Star Crisis Residential Treatment 
East Valley",Certified,CDSS,16,San Bernardino,720 East Gilbert Street,San Bernardino,92416,MHBS170238
SRP,Valley Star Children & Family Services,"Valley Star Crisis Residential Treatment 
The Stay",Certified,CDSS,14,San Bernardino,780 E. Gilbert Street,San Bernardino,92404,MHBS130182
SRP,Valley Star Behavioral Health Inc,"Valley Star Crisis Residential Treatment
 High Desert ",Certified,CDSS,16,San Bernardino,16552 Sunhill Drive,Victorville,92395,MHBS180249
SRP,Community Research Foundation,Vista Balboa,Certified,CDSS,16,San Diego,545 Laurel St.,San Diego,92101,MHBS950117
SRP,"Mateo Lodge, Inc",Wally's Place,Certified,CDSS,13,San Mateo,695 5th Ave,Redwood City,94063,MHBT150198
SRP,Telecare Corporation,Wellspring Center,Certified,CDSS,16,San Bernardino ,15217 San Bernardino Ave,Fontana ,92335,MHBS180253
SRP,Wings Recovery Center Inc.,"Wings Recovery Center, Inc.",Certified,CDSS,6,San Diego,1013 Crest View Road,Vista,92081,MHBT190256
SRP,Wings Recovery Center Inc.,"Wings Recovery Center, Inc.",Certified,CDSS,6,San Diego,3134 Morningside Drive,Oceanside,92056,MHBT200325
SRP,"Bay Area Commuinity Services, Inc.",Woodroe Place,Certified,CDSS,15,Alameda,22505 Woodroe Ave.,Hayward,94541,MHBS910015
STP,,Community Care Center,Approved,CDPH,120,Los Angeles,2335 S. Mountain Ave,Duarte,91010,
STP,,Creekside Rehabilitation & Behavioral Health ,Approved,CDPH,57,Sonoma,850 Sonoma Avenue,Santa Rosa,95404,
STP,,Crestwood Manor - Fremont,Approved,CDPH,52,Alameda,4303 Stevenson Blvd,Fremont,94538,
STP,,Crestwood Manor - Modesto,Approved,CDPH,76,Stanislaus,1400 Celeste Drive,Modesto,95355,
STP,,Crestwood Manor - Stockton,Approved,CDPH,72,San Joaquin     ,1130 Monaco Court,Stockton,95207,
STP,,Crestwood Wellness and Recovery Center- Redding,Approved,CDPH,99,Shasta,3062 Churn Creek Road,Redding,96002,
STP,,Downey Community Health Center,Approved,CDPH,74,Los Angeles,8425 Iowa Street,Downey,90241,
STP,,Dycora Transitional Health - San Jose (Prev. Golden Living Center San Jose),Approved,CDPH,116,Santa Clara,401 S. Ridge Vista Ave.,San Jose,95127,
STP,,Extended Care Hospital of Westminster,Approved,CDPH,46,Orange,206 Hospital Circle,Westminster ,92683,
STP,,La Paz Geropsychiatric Center,Approved,CDPH,148,Los Angeles,8835 Vans St,Paramount,90723,
STP,,Lakeside Special Care Center,Approved,CDPH,69,San Diego ,11962 Woodside Avenue,San Diego ,92040,
STP,,Landmark Medical Center,Approved,CDPH,95,Los Angeles,2030 North Garey Ave.,Pomona,91767,
STP,,Laurel Park Behavioral Health Center,Approved,CDPH,43,Los Angeles,1425 West Laurel Ave,Pomona,91768,
STP,,Meadowbrook Behavioral Health Center,Approved,CDPH,77,Los Angeles,3951 East Blvd.,Los Angeles,90066,
STP,,Merced Behavioral Center,Approved,CDPH,96,Merced,1255 B Street,Merced,95341,
STP,,Morton Bakar Center,Approved,CDPH,97,Alameda,494 Blossom  Way,Hayward,94541,
STP,,Olive Vista Behavioral Health Center,Approved,CDPH,120,Los Angeles,2335 South Towne Ave,Pomona,91766,
STP,,Penn Mar Therapeutic Center,Approved,CDPH,45,Los Angeles,3938 Cogswell Road,El Monte,91732,
STP,,Riverside Behavioral Healthcare Center,Approved,CDPH,120,Riverside,4580 Palm Ave,Riverside,92501,
STP,,Shandin Hills Behavior Therapy Center,Approved,CDPH,78,San Bernardino,4164 North 4th Ave,San Bernardino,92407,
STP,,Sierra Vista ,Approved,CDPH,116,San Bernardino,3455 E. Highland Ave,Highland,92346,
STP,,South Coast Post Acute,Approved,CDPH,124,Orange,1030 W. Warner Ave.,Santa Ana,92707,
STP,,Sylmar Health & Rehabilitation Center,Approved,CDPH,208,Los Angeles,12220 Foothill Blvd,Sylmar,91342,
STP,,View Heights Convalescent Hospital,Approved,CDPH,163,Los Angeles,12619 South Avalon Blvd,Los Angeles,90061,
STP,,Vista Pacifica Center,Approved,CDPH,108,Riverside,3674 Pacific Ave,Riverside,92509,
STP,,West Anaheim Extended Care ,Approved,CDPH,51,Orange,645 S. Beach Blvd,Anaheim,92804,
STRTP,4 Kids 2 Kids,4 Kids 2 Kids-Safe House,Approved,CDSS,6,Santa Barbara,,Carpinteria,93013,MH/42/01/19
STRTP,Aaron's Boys Home #1,Aaron's Boys Home #1,Approved,CDSS,12,San Luis Obispo,,Atascadero,93422,MH/40/01/20
STRTP,Aspiranet,Ars-Berkeley,Approved,CDSS,6,Stanislaus,,Turlock,95380,MH/50/01/19
STRTP,Aspiranet,Ars-Tuolumne,Approved,CDSS,6,Stanislaus,,Turlock,95380,MH/50/02/19
STRTP,Aspiranet,Ars-Linwood,Approved,CDSS,6,Stanislaus,,Turlock,95380,MH/50/03/19
STRTP,Aspiranet,Ars-Campus,Approved,CDSS,34,Stanislaus,,Turlock,95380,MH/50/04/19
STRTP,Berhe Group Home Inc.,Berhe Group Home Inc.,Approved,CDSS,6,San Bernardino,,Fontana,92335,MH/36/20/21
STRTP,Berhe Group Home Inc.,Berhe Group Home Inc.,Approved,CDSS,6,San Bernardino,,Fontana,92335,MH/36/21/21
STRTP,Berhe Group Home Inc.,Berhe Group Home Inc.,Approved,CDSS,6,San Bernardino,,San Bernardino,92404,MH/36/22/21
STRTP,Berhe Group Home Inc.,Berhe Group Homes,Approved,CDSS,6,San Bernardino,,San Bernardino,92411,MH/36/23/21
STRTP,"Berhe Group Home, Inc.","Berhe Group Home, Inc.",Approved,CDSS,6,San Bernardino,,Fontana,92335,MH/36/24/21
STRTP,Boys Republic,Girls Republic,Approved,CDSS,8,Los Angeles,,Monrovia,91016,02038/19AU/2021
STRTP,Boys Republic,Boys Republic - Pomona Residence,Approved,CDSS,8,Los Angeles,,Pomona,91767,02038/19AT/2021
STRTP,Boys Republic,Boys Republic Silverlake Residence,Approved,CDSS,6,Los Angeles,,Los Angeles,90026,02038/19AX/2021
STRTP,Boys Republic,Boys Republic,Approved,CDSS,130,San Bernardino,,Chino Hills,91709,MH/36/10/19
STRTP,Ca Family Life Center,Cflc-Hemet Ranch,Approved,CDSS,20,Riverside,,Hemet,92544,MH/33/02/19
STRTP,Ca Family Life Center,Cflc-Hemet House,Approved,CDSS,6,Riverside,,Hemet,92544,MH/33/03/19
STRTP,Ca Family Life Center,Cflc-Sunset House,Approved,CDSS,6,Riverside,,Hemet,92544,MH/33/04/19
STRTP,"Cameron Youth Home
Facilities Inc.",Cameron Youth Home,Approved,CDSS,6,Kern,,Bakersfield,93311,MH/15/06/20
STRTP,"Cameron Youth Home
Facilities Inc.",Wendell House,Approved,CDSS,6,Kern,,Bakersfield,93311,MH/15/07/20
STRTP,"Casa De Amparo, Inc.",Casa De Amparo,Approved,CDSS,50,San Diego,,San Marcos,92069,MH/37/01/20
STRTP,"Casa Pacifica Centers For
Children &
Families",Casa Pacifica Strtp,Approved,CDSS,42,Ventura,,Camarillo,93012,VCSTRTP-02-2018
STRTP,Catholic Charities - Cyo,"San Francisco Boys And
Girls/ Shelter",Approved,CDSS,8,San Francisco,,"San
Francisco",94121,MH/38/02/19
STRTP,Catholic Charities - Cyo,"San Francisco Boys And
Girls Home - Euclid
House",Approved,CDSS,8,San Francisco,,"San
Francisco",94118,MH/38/03/19
STRTP,Catholic Charities Cyo,"St. Vincent's  School For
Boys",Approved,CDSS,67,Marin,,San Rafael,94903,MH/21/01/19
STRTP,Center For Positive Changes,Center For Positive Changes 1,Approved,CDSS,6,San Diego,,"Spring
Valley",91977,MH/37/02/21
STRTP,Center For Positive Changes,Center For Positive Changes 2,Approved,CDSS,6,San Diego,,San Diego,92114,MH/37/03/21
STRTP,Center For Positive Changes,Center For Positive Changes 5,Approved,CDSS,6,San Diego,,Oceanside,92057,MH/37/05/21
STRTP,Center For Positive Changes,"First Step Treatment
Home",Approved,CDSS,6,San Diego,,"Spring
Valley",91977,MH/37/06/21
STRTP,Center For Positive Changes,Center For Positive Changes 4,Approved,CDSS,6,Yolo,,"West
Sacramento",95691,MH/57/01/21
STRTP,Center For Postive Changes,Center For Positive Changes 3,Approved,CDSS,6,San Diego,,El Cajon,92020,MH/37/04/21
STRTP,"Chamberlain's Children
Center, Inc",Chamberlain's Youth Kippers Cottage,Approved,CDSS,6,San Benito,,Hollister,95023,MH35032020 
STRTP,"Chamberlain's Children
Center, Inc.",Chamberlain's Children Pinnacle,Approved,CDSS,6,San Benito,,Hollister,95023,MH35022020
STRTP,"Chamberlain's Children
Center, Inc.",Chamberlain's Youth Acres,Approved,CDSS,6,San Benito,,Hollister,95023,MH35012020
STRTP,"Chamberlain's Children
Center, Inc.",Chamberlain's Youth Powell,Approved,CDSS,6,San Benito,,Hollister,95023,MH35042020
STRTP,Charis Youth Center,"Charis Youth
Center-Petra House",Approved,CDSS,6,Nevada,,Grass Valley,95949,MH/29/01/21
STRTP,Charis Youth Center,"Charis Youth Center-
Nikao House",Approved,CDSS,6,Nevada,,Grass Valley,95945,MH/29/03/20
STRTP,Charis Youth Center,"Charis Youth Center-
Koinonia House",Approved,CDSS,6,Nevada,,Grass Valley,95945,MH/29/04/20
STRTP,Childhelp Inc.,Childhelp - Baker,Approved,CDSS,6,Orange,,Costa Mesa,92626,MH/30/05/20
STRTP,Childhelp Inc.,Childhelp-Johnson,Approved,CDSS,6,Orange,,Costa Mesa,92626,MH/30/06/20
STRTP,Childhelp Inc.,Childhelp-Joann,Approved,CDSS,6,Orange,,Costa Mesa,92626,MH/30/07/20
STRTP,"Childhelp, Inc.","Childhelp Merv Griffin
Village",Approved,CDSS,84,Riverside,,Beaumont,92223,MH/33/01/19
STRTP,Children's Home Of Stockton,"Children's Home Of
Stockton - Cypress",Approved,CDSS,6,San Joaquin,,Stockton,95205,MH/39/02/19
STRTP,Children's Home Of Stockton,"Children's Home Of
Stockton - Oak",Approved,CDSS,6,San Joaquin,,Stockton,95205,MH/39/03/19
STRTP,Children's Home Of Stockton, Children's Home Of Stockton Tri-Plex,Approved,CDSS,28,San Joaquin,,Stockton,95205,MH/39/04/19
STRTP,Children's Home Of Stockton,Children's Home Of Stockton-Aspen Community Home,Approved,CDSS,6,San Joaquin,,Stockton,95205,MH/39/01/19
STRTP,Childrens Home Of Stockton Inc,"Children's Home Of
Stockton-Redwood",Approved,CDSS,6,San Joaquin,,Stockton,95204,MH/39/05/19
STRTP,Children's Hope Group Home,Children's Hope Group Home,Approved,CDSS,6,San Bernardino,,Upland,91784,MH/36/19/21
STRTP,"Children's Receiving Home Of Sacramento, Inc.",Children's Receiving Home Of Sacramento Inc.,Approved,CDSS,60,Sacramento,,Sacramento,95821,MH/34/17/20
STRTP,Community Access Network,"Youth Development
Center",Approved,CDSS,6,Riverside,,Perris,92570,MH/33/10/19
STRTP,"Community Access Network,
Inc","Community Access
Network, Steps 2",Approved,CDSS,6,Riverside,,Riverside,92504,MH/33/08/19
STRTP,"Community Access Network,
Inc.","Community Access
Network Youth Dev
Ctr
S.T.E.P.S.",Approved,CDSS,6,Riverside,,Riverside,92503,MH/33/09/19
STRTP,"Core Conditions, Inc.",Cci Brawley,Approved,CDSS,6,Fresno,,Fresno,93706,1014
STRTP,"Core Conditions, Inc.",Cci Dakota,Approved,CDSS,6,Fresno,,Fresno,93722,1017
STRTP,Courage To Change,Courage To Change,Approved,CDSS,42,Tulare,,Exeter,93221,MH/54/03/19
STRTP,"Creative Alternative, Inc.",Harmony House,Approved,CDSS,6,Merced,,Merced,95340,MH/24/02/18
STRTP,Creative Alternatives,Wake Forest,Approved,CDSS,6,Merced,,Merced,95348,MH/24/03/19
STRTP,"Creative Alternatives, Inc",Berkeley Lodge,Approved,CDSS,8,Stanislaus,,Turlock,95382,MH/50/03/18
STRTP,"Creative Alternatives, Inc.",Merced Ranch,Approved,CDSS,8,Merced,,Merced,95340,MH/24/01/19
STRTP,"Creative Alternatives, Inc.",Saratoga House,Approved,CDSS,4,Merced,,Merced,95340,MH/24/02/19
STRTP,"Creative Alternatives, Inc.",Arbor House,Approved,CDSS,7,Stanislaus,,Turlock,95380,MH/50/04/19
STRTP,"Creative Alternatives, Inc.",Duke Court,Approved,CDSS,6,Stanislaus,,Turlock,95382,MH/50/04/18
STRTP,"Creative Alternatives, Inc.",Bear Creek,Approved,CDSS,6,Merced,,Merced,95340,MH/24/01/18
STRTP,"Creative Alternatives, Inc.",Berkeley Cottage,Approved,CDSS,8,Stanislaus,,Turlock,95382,MH/50/02/18
STRTP,"Creative Alternatives, Inc.",Greenway Orchard,Approved,CDSS,8,Stanislaus,,Turlock,95380,MH/50/05/18
STRTP,"Creative Alternatives, Inc.",Santa Fe Station,Approved,CDSS,6,Stanislaus,,Hughson,95326,MH/50/06/18
STRTP,"Creative Alternatives, Inc.",Tuolumne Inn,Approved,CDSS,8,Stanislaus,,Turlock,95380,MH/50/08/18
STRTP,"Creative Alternatives,Inc",Seattle Court,Approved,CDSS,6,Stanislaus,,Turlock,95832,MH/50/07/18
STRTP,Dangerfifeld Institution Of Urban Problems,"Dangerfield Group Home
#1",Approved,CDSS,6,Los Angeles,,Los Angeles,90043,02220/19D3/2020
STRTP,"David And Margaret Home, Inc",David And Margaret Youth And Family Services,Approved,CDSS,40,Los Angeles,,La Verne,91750,01227/190K/2019
STRTP,Deliann - Lucile Corporation,Delilu Achievement Home I,Approved,CDSS,8,Los Angeles,,Los Angeles,90018,02255/19F7/2020
STRTP,Deliann - Lucile Corporation,Delilu Achievement Home - Esp,Approved,CDSS,6,Los Angeles,,Los Angeles,90043,02255/TBD/2020
STRTP,Deliann - Lucile Corporation,Delilu Achievement Home II,Approved,CDSS,6,Los Angeles,,Los Angeles,90047,"02255/19FA/2020,"
STRTP,Dn Associates,Dn Associates- Blythe,Approved,CDSS,6,Fresno,,Fresno,93722,1096
STRTP,Dn Associates,Dn Associates- Polk,Approved,CDSS,6,Fresno,,Fresno,93722,1015
STRTP,Door To Hope,Santa Lucia Program,Approved,CDSS,6,Monterey,,Salinas,93906,MH/27/01/20
STRTP,Dream Home Care Inc.,Dream Home Care Inc. V,Approved,CDSS,6,Los Angeles,,Torrance,90502,02230/19ED/2021
STRTP,Dream Home Care Inc.,Dream Home Care Inc.I,Approved,CDSS,6,Los Angeles,,Carson,90745,02230/19EC/2021
STRTP,Dream Home Care Inc.,"Dream Home Care, Inc. III",Approved,CDSS,6,Los Angeles,,Carson,90746,02230/19E5/2021
STRTP,"Edgewood - The San Francisco
Protestant Orphanage","Edgewood - The San
Francisco
Protestant
Orphanage",Approved,CDSS,48,San Francisco,,"San
Francisco",94116,MH/38/01/19
STRTP,"Eggleston Youth Center,
Inc.",Eggleston Ontario Strtp,Approved,CDSS,6,San Bernardino,,Ontario,91762,MH/36/02/20
STRTP,"Eggleston Youth Centers,
Inc.",Eggleston- La Verne II,Approved,CDSS,6,Los Angeles,,Pomona,91767,01853/19CJ/2020
STRTP,"Eggleston Youth Centers,
Inc.",Eggleston Transitional Group Home ,Approved,CDSS,6,Los Angeles,,Pomona,91766,01853/19CL/2020
STRTP,"Eggleston Youth Centers,
Inc.",Eggleston West Covina Group Home,Approved,CDSS,6,Los Angeles,,West Covina,91790,01853/19CK/2020
STRTP,"Eggleston Youth Centers,
Inc.",Eggleston Youth Center 1,Approved,CDSS,6,Los Angeles,,Baldwin Park,91706,01853/19CM/2020
STRTP,"Eggleston Youth Centers,
Inc.",Eggleston Youth Center II,Approved,CDSS,6,Los Angeles,,Baldwin Park ,91706,01853/19CG/2020
STRTP,"Eggleston Youth Centers,
Inc.",Eggleston Youth Center V,Approved,CDSS,4,Los Angeles,,Pomona,91767,01853/19CN/2020
STRTP,"Eggleston Youth Centers,
Inc.","Eggleston Upland Group
Home",Approved,CDSS,6,San Bernardino,,Upland,91786,MH/36/01/20
STRTP,"Encompass Community
Services",Tyler House,Approved,CDSS,6,Santa Cruz,,Corralitos,95076,STRTP/44BF/2019
STRTP,Environmental Alternatives,"Environmental
Alternatives-Diamond
Peak",Approved,CDSS,10,Lassen,,Susanville,96130,MH/18/01/21
STRTP,Environmental Alternatives,E. A. Losh Group Home,Approved,CDSS,6,San Joaquin,,Lodi,95240,MH/39/001/2021
STRTP,Environmental Alternatives,Environmental Alternatives Nighthawk Group Home,Approved,CDSS,6,Butte,,Chico,95973,MH/04/02/20
STRTP,Environmental Alternatives ,Environmental Alternatives - Butte Valley,Approved,CDSS,6,Butte,,Richvale,95974,MH/04/01/20
STRTP,"Ettie Lee Home, Inc","Ettie Lee Home-Fontana
Home",Approved,CDSS,10,San Bernardino,,Fontana,92336,MH/36/17/19
STRTP,"Ettie Lee Homes, Inc.","Ettie Lee-Robertson
Memorial Home",Approved,CDSS,12,San Bernardino,,Redlands,92373,MH/36/16/19
STRTP,"Ettie Lee Homes,
Incorporated","Ettie Lee Homes-Diamond
L. Ranch",Approved,CDSS,9,San Bernardino,,Bloomington,92316,MH/36/15/19
STRTP,Father's Heart Ranch,Father's Heart Ranch,Approved,CDSS,24,Riverside,,"Desert Hot
Springs",92241,MH/33/01/20
STRTP,Fields Comprehensive Youth Services,Fields Comprehensive Youth Services I,Approved,CDSS,6,San Bernardino,,Alta Loma,91701,MH/36/03/20
STRTP,Fields Comprehensive Youth Services,Fields Comprehensive Youth Services II,Approved,CDSS,6,San Bernardino,,Upland,91786,MH/36/04/20
STRTP,Five Acres,Five Acres-Solita Group Home,Approved,CDSS,6,Los Angeles,,Pasadena,91103,00647/19BN/2020
STRTP,Five Acres - The Boys' & Girls' Aid Society Of La,Five Acres,Approved,CDSS,70,Los Angeles,,Altadena,91001,00647/7337/2020
STRTP,"Florence Crittenton Services Of Orange
County,Inc","Crittenton Svcs For
Children And Families",Approved,CDSS,77,Orange,,Fullerton,92832,MH/30/04/19
STRTP,"For The Future, Inc.","For The Future, Inc.",Approved,CDSS,6,Ventura,,Simi Valley,93063,VCSTRTP-03-2020
STRTP,"Fred Finch Children's Home, Inc.",Fred Finch Youth Center,Approved,CDSS,14,Alameda,,Oakland,94602,MH/01/01/19
STRTP,Fred Finch Youth Center,"Fred Finch Youth
Center-San Diego",Approved,CDSS,14,San Diego,,Lemon Grove,91945,MH/37/04/19
STRTP,"Garces Residential Care
Services, Inc.",Bright Horizon,Approved,CDSS,6,Los Angeles,,Claremont,91711,02235/19EE/2021
STRTP,Gateway Residential Programs,"Gateway Residential
Program-Fair Oaks
House",Approved,CDSS,6,Sacramento,,Fair Oaks,95628,MH/34/12/20
STRTP,Gateway Residential Programs,"Gateway Residential
Programs - Hickory
House",Approved,CDSS,6,Sacramento,,Orangevale,95826,MH/34/13/20
STRTP,Gateway Residential Programs,"Gateway Residential
Programs-Palm House",Approved,CDSS,6,Sacramento,,Fair Oaks,95628,MH/34/14/20
STRTP,Gateway Residential Programs,"Gateway Residential
Programs-Winding
House",Approved,CDSS,6,Sacramento,,Fair Oaks,95628,MH/34/15/20
STRTP,Gateway Residential Programs,"Gateway
Residential
Programs-Ginger
Blossom
House",Approved,CDSS,6,Sacramento,,"Citrus
Heights",95621,MH/34/16/20
STRTP,"Greater New Beginnings Youth Services, Inc.",Filbert House,Approved,CDSS,12,Alameda,,Oakland,94607,MH/01/01/20
STRTP,"Guiding Light Home For
Boys, Inc","Guiding Light Home For
Boys Inc.",Approved,CDSS,6,Riverside,,"Moreno
Valley",92555,MH/33/02/21
STRTP,"Guiding Light Home For
Boys, Inc.","Guiding Light Home For
Boys #2",Approved,CDSS,6,Riverside,,"Moreno
Valley",92553,MH/33/03/21
STRTP,Hart Community Homes,Hart Community Homes,Approved,CDSS,6,Orange,,Orange,92865,MH/30/08/21
STRTP,Hart Community Homes,"Hart Community Homes -
Brady House",Approved,CDSS,6,Orange,,Orange,92865,MH/30/09/21
STRTP,Harvest Safe Haven For Boys,Harvest Safe Haven For Boys,Approved,CDSS,6,Riverside,,Riverside,92505,MH/33/12/21
STRTP,"Hathaway-Sycamores Child
And Family
Services","Hathaway-Sycamores
Child And Family
Services",Approved,CDSS,43,Los Angeles,,Altadena,91001,00192/190X/2020
STRTP,"Haven Of Hope, Inc.",Abeona House,Approved,CDSS,6,Santa Cruz,,Aptos,95003,STRTP/44D2/2019
STRTP,"Haven Of Hope, Inc.",Halcyon House,Approved,CDSS,6,Santa Cruz,,Watsonville,95076,STRTP/44D1/2019
STRTP,Haynes Family Of Programs,Le Roy Boys' Home,Approved,CDSS,72,Los Angeles,,La Verne,91750,00697/19BK/2020
STRTP,"Heritage Group Home, Inc.",Heritage Youth Services - 1,Approved,CDSS,6,Los Angeles,,"Phillips
Ranch",91766,02194/19BZ/2020
STRTP,"Heritage Group Homes, Inc.",Heritage Youth Services - 2,Approved,CDSS,6,Los Angeles,,Valinda,91744,02194/19Cl/2020
STRTP,"Heritage Group Homes, Inc.",Heritage Youth Services - 3,Approved,CDSS,6,Los Angeles,,Covina,91791,02194/19C3/2020
STRTP,"Heritage Group Homes, Inc.",Heritage Youth Services - 4,Approved,CDSS,6,Los Angeles,,Whittier,90606,02194/19C4/2020
STRTP,"Heritage Group Homes, Inc.",Heritage Youth Services - 5,Approved,CDSS,6,Los Angeles,,La Verne,91750,02194/19C2/2020
STRTP,Hillsides,Hillsides,Approved,CDSS,50,Los Angeles,,Pasadena,91105,00321/1960/2019
STRTP,"Hope For Youth, Inc.",Harvard House,Approved,CDSS,6,Fresno,,Fresno,93722,10FM
STRTP,"Hope Refuge, Inc.","Hope Refuge, Inc.",Approved,CDSS,24,Santa Barbara,,Goleta,93117,MH/42/01/20
STRTP,"Humanistic Foundation, Inc.",Stockdale Boys Center,Approved,CDSS,6,Kern,,Bakersfield,93309,MH/15/04/20
STRTP,"Humanistic Foundation, Inc.",Stockdale Boys Center II,Approved,CDSS,6,Kern,,Bakersfield,93309,MH/15/05/20
STRTP,"Imagine You, Inc.",Youth Acceptance 1,Approved,CDSS,6,Fresno,,Fresno,93722,10FX
STRTP,"Independent Order Of Odd
Fellows","Odd-Fellow Rebekah
Children's Home
Of
California",Approved,CDSS,12,Santa Clara,,Gilroy,95020,MH/43/01/20
STRTP,"Inspiring Pathways, Inc.",Inspiring Pathways,Approved,CDSS,6,Kings,,Hanford,93230,MH/16/01/21
STRTP,"Kern Bridges Youth Homes, Inc","John & Dorothy Almklov
House",Approved,CDSS,6,Kern,,Bakersfield,93313,MH/15/03/21
STRTP,"Kern Bridges Youth Homes, Inc","Daniel And Nancy Marble 
Casa De Ninos",Approved,CDSS,12,Kern,,Mcfarland,93250,MH/15/04/21
STRTP,"Koinonia Foster Homes, Inc",Koinonia Connections,Approved,CDSS,6,Placer,,Rocklin,95677,MH/31/06/18
STRTP,"Koinonia Foster Homes, Inc",Koinonia House #1,Approved,CDSS,6,Placer,,Loomis,95650,MH/31/01/18
STRTP,"Koinonia Foster Homes, Inc",Koinonia House #2,Approved,CDSS,6,Placer,,Loomis,95650,MH/31/02/18
STRTP,"Koinonia Foster Homes, Inc",Koinonia House #3,Approved,CDSS,6,Placer,,Rocklin,95677,MH/31/03/18
STRTP,"Koinonia Foster Homes, Inc","Koinonia Homes For Teens 
#5",Approved,CDSS,6,Placer,,Auburn,95603,MH/31/05/18
STRTP,"Koinonia Foster Homes, Inc.",Koinonia House #4,Approved,CDSS,6,Placer,,Loomis,95650,MH/31/04/18
STRTP,Los Angeles Youth Network,Hollywood House,Approved,CDSS,16,Los Angeles,,Los Angeles,90028,02147-19A4/2018
STRTP,"Luvlee's Residential Care, Inc.",New Dawn,Approved,CDSS,6,Los Angeles,,Walnut,91789,02083/19CR/2020
STRTP,"Luvlee's Residential Care,
Inc.",New Dawn,Approved,CDSS,6,San Bernardino,,Chino,91710,MH/36/18/19
STRTP,Manuch Inc.,"Manuch, Inc.",Approved,CDSS,6,Fresno,,Fresno,93722,10FR
STRTP,Marys Shelter,Mary's Shelter - House 2,Approved,CDSS,12,Orange,,Santa Ana,92705,MH/30/06/21
STRTP,Mary's Shelter,Mary's Shelter - House 1,Approved,CDSS,18,Orange,,Santa Ana,92705,MH/30/07/21
STRTP,Maryvale,Maryvale,Approved,CDSS,72,Los Angeles,,Rosemead,91770,1034/7474/2020
STRTP,"Mckinley Children's Center, Inc.","Mckinley Children's Center, Inc.",Approved,CDSS,28,Los Angeles,,San Dimas,91773,00971/19B9/2020
STRTP,"Michigan House, Inc.",Michigan House,Approved,CDSS,6,Fresno,,Fresno,93704,10FQ
STRTP,"Michigan House, Inc.",Michigan House #2,Approved,CDSS,6,Fresno,,Fresno,93706,10FP
STRTP,"Mountain Valley Child And Family Services, Inc.","Mountain Valley Child And Family Services, Inc. (Shady And Lima Combined)",Approved,CDSS,12,Nevada,,Nevada City,95959,MH/29/01/19 (reissue)
STRTP,"Mountain Valley Child And
Family Services","Mountain Valley Child
And Family-Shady",Approved,CDSS,6,Nevada,,Nevada City,95959,MH/29/01/19
STRTP,"Mountain Valley Child And
Family Services,
Inc.","Mountain Valley Child
And Family-Bardu",Approved,CDSS,6,Sacramento,,Sacramento,95829,MH/34/01/19
STRTP,"Mountain Valley Child And
Family Services,
Inc.","Mountain Valley Child
And Family-Gerber",Approved,CDSS,6,Sacramento,,Sacramento,95829,MH/34/02/19
STRTP,"Mountain Valley Child And
Family Services,
Inc.","Mountain Valley Child
And Family-Bradshaw",Approved,CDSS,6,Sacramento,,Sacramento,95829,MH/34/03/19
STRTP,"Mountain Valley Child And
Family-Lima","Mountain Valley Child
And Family-Lima",Approved,CDSS,6,Nevada,,Nevada City,95959,MH/29/02/19
STRTP,"Msk Solutions, Inc.",Mile High Legend Home,Approved,CDSS,6,Solano,,Vallejo,94591,MH/48/02/21
STRTP,"Msk Solutions, Inc.",Mile High Mountain Top,Approved,CDSS,6,Solano,,Fairfield,94534,MH/48/03/21
STRTP,"New Alternatives, Inc.","New Alternatives, Inc.  #5 ",Approved,CDSS,20,Orange,,Costa Mesa,92627,MH/30/05/19
STRTP,"New Alternatives, Inc.","New Alternatives, Inc. No 1",Approved,CDSS,9,San Diego,,"Spring
Valley",91977,MH/37/01/19
STRTP,"New Alternatives, Inc.","New Alternatives, Inc. #16",Approved,CDSS,81,San Diego,,Chula Vista,91911,MH/37/02/19
STRTP,"New Alternatives, Inc.","New Alternatives, Inc. ",Approved,CDSS,30,Orange,,Orange,92666,MH/30/01/19
STRTP,"New Beginnings Residential
Treatment
Facilities","New Beginnings
Residential
Treatment
Facilities",Approved,CDSS,8,Riverside,,Perris,92571,MH/33/05/19
STRTP,"New Beginnings Residential
Treatment
Facilities","New Beginnings
Residential Treatment
Fac.-
Raja",Approved,CDSS,8,Riverside,,Perris,92571,MH/33/06/19
STRTP,"New Beginnings Residential
Treatment
Facilities","New Beginnings
Residential
Treatment
Fac.-Shalom",Approved,CDSS,6,Riverside,,Perris,92571,MH/33/07/19
STRTP,New Haven Youth & Family Services,New Haven Meadowlake,Approved,CDSS,6,San Diego,,Vista,92084,MH/37/01/21
STRTP,New Start Youth Facility,First Step,Approved,CDSS,6,Kern,,Bakersfield,93307,MH/15/01/21
STRTP,"New Start Youth Facility,
Inc.",New Start Youth Facility,Approved,CDSS,6,Kern,,Bakersfield,93309,MH/15/02/21
STRTP,"Oak Grove Institute
Foundation, Inc.",Oak Grove Center,Approved,CDSS,76,Riverside,,Murrieta,92562,MH/33/05/19
STRTP,"Olive Crest Treatment
Centers Inc","Olive Crest Treatment
Centers - Malena",Approved,CDSS,6,Orange,,Santa Ana,92705,MH/30/06/19
STRTP,"Olive Crest Treatment
Centers, Inc.",Beazer,Approved,CDSS,6,Riverside,,Perris,92570,MH/33/08/19
STRTP,"Olive Crest Treatment
Centers, Inc.",Forecast,Approved,CDSS,6,Riverside,,Perris,92570,MH/33/09/19
STRTP,"Olive Crest Treatment
Centers, Inc.",Lyon,Approved,CDSS,6,Riverside,,Perris,92570,MH/33/10/19
STRTP,"Olive Crest Treatment
Centers, Inc.",Richmond,Approved,CDSS,6,Riverside,,Perris,92570,MH/33/11/19
STRTP,"Olive Crest Treatment
Centers, Inc.","Olive Crest Treatment
Centers - Saylor",Approved,CDSS,6,Orange,,Santa Ana,92705,MH/30/02/19
STRTP,"Olive Crest Treatment
Centers, Inc.","Olive Crest Treatment
Centers - Wheeler",Approved,CDSS,6,Orange,,Orange,92869,MH/30/03/19
STRTP,"Optimist Boys' Home & Ranch, Inc",Optimist Mission Hills,Approved,CDSS,6,Los Angeles,,Mission Hills,91345,00781/1936/2018
STRTP,Optimist Boys Home And Ranch,Optimist Carson,Approved,CDSS,6,Los Angeles,,Carson,90746,00781/1934/2018
STRTP,"Optimist Boys' Home And Ranch, Inc",Optimist Eagle Rock,Approved,CDSS,6,Los Angeles,,Los Angeles,90041,00781/1933/2018
STRTP,"Optimist Boys' Home And Ranch, Inc.",Pacific Lodge Campus,Approved,CDSS,35,Los Angeles,,"Woodland
Hills",91364,00781/1941/2018
STRTP,"Optimist Boys' Home And
Ranch, Inc","Optimist Boys Home &
Ranch",Approved,CDSS,85,Los Angeles,,Los Angeles,90042,00781/1946/2018
STRTP,Optimist Youth Home,Optimist Van Nuys,Approved,CDSS,6,Los Angeles,,Van Nuys,91405,00781/1948/2018
STRTP,"P.H.I.L.O.S. Adolescent Treatment Centers, Inc.","P.H.I.L.O.S. Adolescent Treatmnt Ctr, Inc.",Approved,CDSS,6,San Bernardino,,Rialto,92376,MH/36/02/21
STRTP,"P.H.I.L.O.S. Adolescent
Treatment Centerss,
Inc.","P.H.I.L.O.S. Adolescent
Treatment Centers,Inc.",Approved,CDSS,6,Riverside,,Riverside,92501,MH/33/04/21
STRTP,"Paradise Adolescent Homes, Inc.",San Ramon,Approved,CDSS,6,Contra Costa,,San Ramon,94583,MH/07/01/21
STRTP,"Paradise Adolescent
Homes, Inc.",Suisun ,Approved,CDSS,6,Solano,,Suisun City,94585,MH/48/01/21
STRTP,Paradise Oaks Youth Services,"Paradise Oaks Youth
Services - Antelope",Approved,CDSS,6,Sacramento,,"Citrus
Heights",95610,MH/34/01/20
STRTP,Paradise Oaks Youth Services,"Paradise Oaks-Hazel
House",Approved,CDSS,6,Sacramento,,Orangevale,95662,MH/34/02/20
STRTP,Paradise Oaks Youth Services,Paradise Oaks-Hickory,Approved,CDSS,6,Sacramento,,Orangevale,95662,MH/34/03/20
STRTP,Paradise Oaks Youth Services,"Paradise Oaks Youth
Services - Madison",Approved,CDSS,6,Sacramento,,"Citrus
Heights",95610,MH/34/05/20
STRTP,Paradise Oaks Youth Services,"Paradise Oaks Youth
Services - Mariposa",Approved,CDSS,6,Sacramento,,"Citrus
Heights",95610,MH/34/06/20
STRTP,Paradise Oaks Youth Services,"Paradise Oaks - Old
Auburn",Approved,CDSS,6,Sacramento,,"Citrus
Heights",95610,MH/34/07/20
STRTP,Paradise Oaks Youth Services,Paradise Oaks-Olivine,Approved,CDSS,6,Sacramento,,"Citrus
Heights",95610,MH/34/08/20
STRTP,Paradise Oaks Youth Services,Paradise Oaks-Rosa Vista,Approved,CDSS,6,Sacramento,,"Citrus
Heights",95610,MH/34/09/20
STRTP,Paradise Oaks Youth Services,"Paradise Oaks Youth
Services - Sunset",Approved,CDSS,6,Sacramento,,Fair Oaks,95628,MH/34/10/20
STRTP,Paradise Oaks Youth Services,Violet'S House,Approved,CDSS,6,Sacramento,,Carmichael,95608,MH/34/11/20
STRTP,Paradise Oaks Youth Services,"Paradise Oaks-Linda
Creek",Approved,CDSS,6,Sacramento,,Orangevale,95662,MH/34/04/20
STRTP,"Peacock Acres Group
Homes Inc.","Peacock Acres Group
Homes Inc.",Approved,CDSS,6,Monterey,,Salinas,93907,MH/27/03/20
STRTP,"Peacock Acres, Inc.",Peacock Acres,Approved,CDSS,6,Monterey,,Salinas,93908,MH/27/02/20
STRTP,Penny Lane Centers,Penny Lane - Satellite I,Approved,CDSS,6,Los Angeles,,North Hills,91343,00201/1996/2020
STRTP,Penny Lane Centers,Penny Lane - Satellite II,Approved,CDSS,6,Los Angeles,,North Hills,91343,00201/190H/2020
STRTP,Penny Lane Centers,Penny Lane-Satellite III,Approved,CDSS,6,Los Angeles,,Arleta,91331,00201/1992/2020
STRTP,Penny Lane Centers,Penny Lane-Satellite IV,Approved,CDSS,6,Los Angeles,,North Hills,91343,00201/190G/2020
STRTP,Penny Lane Centers,Penny Lane-Satellite VI,Approved,CDSS,6,Los Angeles,,Granada Hills,91344,00201/190A/2020
STRTP,Penny Lane Centers,Penny Lane-Satellite VIII,Approved,CDSS,6,Los Angeles,,North Hills,91343,00201/1998/2020
STRTP,Penny Lane Centers,Penny Lane - Satellite VII,Approved,CDSS,6,Los Angeles,,Northridge,91324,00201/190B/2020
STRTP,Penny Lane Centers,Penny Lane - Satellite V,Approved,CDSS,6,Los Angeles,,North Hills,91343,00201/190F/2020
STRTP,Promesa Behavioral Health,"Promesa, Millbrook House",Approved,CDSS,25,Fresno,,Fresno,93726,10FB
STRTP,Promesa Behavioral Health,Promesa Behavioral Health Van Ness,Approved,CDSS,6,Fresno,,Fresno,93710,10FC
STRTP,Promesa Behavioral Health,"Promesa, Barstow House",Approved,CDSS,6,Fresno,,Fresno,93711,10E7
STRTP,Promesa Behavioral Health,"Promesa, Minarets House",Approved,CDSS,6,Fresno,,Fresno,93720,10E4
STRTP,Promesa Behavioral Health,"Promesa, Niles IV House",Approved,CDSS,6,Fresno,,Fresno,93720,10FD
STRTP,Promesa Behavioral Health,"Promesa, Niles V House",Approved,CDSS,6,Fresno,,Fresno,93720,10E8
STRTP,Promesa Behavioral Health,"Promesa, Spruce House",Approved,CDSS,6,Fresno,,Fresno,93720,10FA
STRTP,Promesa Behavioral Health,"Promesa, Madera House",Approved,CDSS,6,Madera,,Madera,93636,MH/20/01/19
STRTP,"Quality Group Homes, Inc.",Quality Family Services-Sample,Approved,CDSS,6,Fresno,,Fresno,93710,1049
STRTP,"Quality Group Homes, Inc.",Quality Family Services-Millbrook,Approved,CDSS,6,Fresno,,Fresno,93710,1042
STRTP,"Quality Group Homes, Inc.",Quality Family Services-Rialto,Approved,CDSS,6,Fresno,,Fresno,93722,1047
STRTP,"Quality Group Homes, Inc.",Quality Family Services-Warner,Approved,CDSS,6,Fresno,,Fresno,93710,1050
STRTP,"Quality Group Homes, Inc.",Quality Family Services-Yale,Approved,CDSS,6,Fresno,,Fresno,93704,1051
STRTP,"Quality Group Homes, Inc.",Quality Family Services-Clinton,Approved,CDSS,6,Fresno,,Fresno,93703,1038
STRTP,"Quality Group Homes, Inc.",Quality Family Services-Belmont,Approved,CDSS,6,Fresno,,Fresno,93722,1036
STRTP,"Quality Group Homes, Inc.",Quality Family Services-Cambridge,Approved,CDSS,6,Fresno,,Fresno,93703,1037
STRTP,"Quality Group Homes, Inc.",Quality Family Services-Perrin,Approved,CDSS,6,Fresno,,Clovis,93611,1043
STRTP,"Quality Group Homes,Inc.",Quality Family Services-Gettysburg,Approved,CDSS,6,Fresno,,Fresno,93726,1039
STRTP,Quest Program Inc,Eagle Eye,Approved,CDSS,6,Alameda,,Oakland,94608,MH/01/02/20
STRTP,"Rainbow Valley Group
Home, Inc.","Rainbow Valley Group
Home, Inc.",Approved,CDSS,6,Merced,,Merced,95340,MH/24/01/20
STRTP,"Rainbow Valley Group
Home, Inc.",Rainbow Valley Merced,Approved,CDSS,6,Merced,,Merced,95340,MH/24/02/20
STRTP,"Rancho San Antonio Boys
Home, Inc","Rancho San Antonio Boys
Home, Inc",Approved,CDSS,106,Los Angeles,,Chatsworth,91311,02172/19B7/2019
STRTP,"Redwood Community Services, Inc","Redwood Community Services, Inc.-Birch House",Approved,CDSS,3,Mendocino,,Redwood Valley,95470,MH/23/01/20
STRTP,"Redwood Community Services, Inc.","Redwood Community Services, Inc MCCC",Approved,CDSS,3,Mendocino,,Ukiah,95482,MH/23/02/20
STRTP,"Redwood Community
Services, Inc","Redwood Community
Services,
Inc-Mendocino
House",Approved,CDSS,6,Mendocino,,"Potter
Valley",95469,MH/23/03/20
STRTP,"Remi Vista, Inc.","Remi Vista Porta Dego
Home",Approved,CDSS,6,Shasta,,Redding,96003,MH/45/01/20
STRTP,Rite Of Passage,Rite Of Passage,Approved,CDSS,50,Calaveras,,San Andreas,95249,MH/05/01/20
STRTP,"Rite Of Passage Atcs, Inc.",Rop Livingston House,Approved,CDSS,6,Orange,,Placentia,92870,MH/30/01/20
STRTP,"Rite Of Passage Atcs, Inc.",Rop Paragon House,Approved,CDSS,6,Orange,,Placentia,92870,MH/30/02/20
STRTP,"Rite Of Passage Atcs, Inc.","Tustin Family Campus
Qualifying House-Male",Approved,CDSS,6,Orange,,Tustin,92782,MH/30/03/20
STRTP,"Rite Of Passage Atcs, Inc.","Tustin Family Campus
Qualifying
House-Female",Approved,CDSS,6,Orange,,Tustin,92782,MH/30/04/20
STRTP,"River Stones Residential
Services Inc.","River Stones Residential
Services Inc.",Approved,CDSS,6,San Bernardino,,Redlands,92373,MH/36/09/19
STRTP,"River Stones Residential
Services, Inc","River Stones Residential
Services Inc",Approved,CDSS,6,San Bernardino,,Redlands,92373,MH/36/08/19
STRTP,Sacramento Children's Home,"Helen E. Cowell Children's
Center",Approved,CDSS,18,Sacramento,,Sacramento,95820,Mh/34/01/19
STRTP,Sacramento Children's Home,"Sacramento Children's
Home #1",Approved,CDSS,12,Sacramento,,Sacramento,95820,Mh/34/02/19
STRTP,San Diego Center For Children,San Diego Center For Children,Approved,CDSS,80,San Diego,,San Diego,92111,MH/37/03/19
STRTP,"San Gabriel Children's
Center (Sgcc, Inc.)",San Gabriel Children's Center/Homerest Home,Approved,CDSS,6,Los Angeles,,Azusa,91702,00320/19C6/2021
STRTP,"San Gabriel Children's
Center Inc.","San Gabriel Children's Center, Inc./Enid Home",Approved,CDSS,6,Los Angeles,,"Azusa,",91702,0032/19CB/2021
STRTP,San Mateo County Mental Health Division,Canyon Oaks Youth Center,Approved,CDSS,12,San Mateo,,Redwood City,94062,MH/41/01/19
STRTP,San Mateo County-Elysian,"San Mateo County
Dependent
Children's
Home",Approved,CDSS,6,San Mateo,,San Mateo,94402,MH/41/01/20
STRTP,"Second Home, Inc.","Second Home, Inc. - San Jose",Approved,CDSS,6,Fresno,,Clovis,93611,1033
STRTP,"Second Home, Inc.","Second Home, Inc. - Tenaya House",Approved,CDSS,6,Fresno,,Fresno,93710,1035
STRTP,Seneca Family Of Agencies,"Seneca Compass -
Petaluma",Approved,CDSS,3,Sonoma,,Petaluma,94952,MH/49/01/18
STRTP,Seneca Family Of Agencies,Seneca Compass-Ventura,Approved,CDSS,6,Ventura,,Oxnard,93036,VCSTRTP-01-18
STRTP,"Sierra Quest Human Services Foundation, Inc.",Sierra Quest Girls Academy,Approved,CDSS,6,Mariposa,,Mariposa,95338,002
STRTP,"Sierra Quest Human Services Foundation, Inc.",Sierra Quest Academy,Approved,CDSS,6,Mariposa,,Mariposa,95338,001
STRTP,"Sierra Vista Child & Family
Services","Sierra Vista-Woodbridge
House",Approved,CDSS,6,Stanislaus,,Modesto,95355,MH/50/12/19
STRTP,"Sierra Vista Child & Family
Services","Sierra Vista-Hunter
House",Approved,CDSS,8,Stanislaus,,Modesto,95351,MH/50/13/19
STRTP,"Silence Aloud,Inc.",Search Center For Healing Strtp,Approved,CDSS,6,Riverside,,"Moreno
Valley",92555,MH/33/13/21
STRTP,South Coast Children's Society Inc.,South Coast Childrens Society-Santa Cruz,Approved,CDSS,6,Orange,,Costa Mesa,92626,MH/30/02/21
STRTP,"South Coast Children's Society, Inc","South Coast Childrens
Society-Caladium",Approved,CDSS,6,Orange,,"Fountain
Valley",92708,MH/30/03/21
STRTP,"South Coast Children's
Society, Inc.","South Coast Childrens
Society - Dahlia",Approved,CDSS,6,Orange,,Costa Mesa,92626,MH/30/04/21
STRTP,"South Coast Children's
Society, Inc.","South Coast Childrens
Society-San Rafael",Approved,CDSS,6,Orange,,"Fountain
Valley",92708,MH/30/05/21
STRTP,St. Anne's Maternity Home,St. Anne's Maternity Home,Approved,CDSS,50,Los Angeles,,Los Angeles,90026,01186/19A1/2021
STRTP,"Starshine Treatment
Center, Inc.","Starshine Treatment
Center, Inc.",Approved,CDSS,6,San Bernardino,,Highland,92346,MH/36/11/19
STRTP,"Starshine Treatment
Center, Inc.","Starshine Treatment
Center, Inc.",Approved,CDSS,6,San Bernardino,,"San
Bernardino",92404,MH/36/14/19
STRTP,"Starshine Treatment
Centers, Inc.",Starshine-40Th Street,Approved,CDSS,6,San Bernardino,,"San
Bernardino",92404,MH/36/12/19
STRTP,"Starshine Treatment
Centers. Inc.",Starshine-Garden Drive,Approved,CDSS,6,San Bernardino,,"San
Bernardino",92404,MH/36/13/19
STRTP,"Success In Recovery, Inc.",Success In Recovery,Approved,CDSS,6,Tulare,,Visalia,93277,MH/54/01/19
STRTP,"Success In Recovery, Inc.",Success In Recovery II,Approved,CDSS,6,Tulare,,Visalia,93277,MH/54/02/19
STRTP,"Summitview Child & Family
Services","Summitview Child & Fmly
Svc-Pioneer House",Approved,CDSS,6,El Dorado,,Placerville,95667,MH/09/03/19
STRTP,"Summitview Child & Family
Services",Summitview Child & Fmly Svc- Oak,Approved,CDSS,6,El Dorado,,El Dorado,95623,MH/09/04/19
STRTP,"Summitview Child & Family
Services",Stepping Stones,Approved,CDSS,6,El Dorado,,Placerville,95667,MH/09/05/19
STRTP,"Summitview Child & Family
Services, Inc.",Summitview - Agape House,Approved,CDSS,6,El Dorado,,Placerville,95667,MH/09/01/19
STRTP,"Summitview Child And Family
Services, Inc",Summitview IV - Lotus ,Approved,CDSS,6,El Dorado,,Placerville,95667,MH/09/02/19
STRTP,"Summitview Child And Family
Services, Inc",Summitview II - Shadow Run,Approved,CDSS,6,El Dorado,,Placerville,95667,MH/09/06/19
STRTP,"Summitview Child And Family
Services, Inc",Summitview,Approved,CDSS,6,El Dorado,,Placerville,95667,MH/09/07/19
STRTP,"Summitview Child And Family
Services, Inc",Summitview III - Vista,Approved,CDSS,6,El Dorado,,Placerville,95667,MH/09/08/19
STRTP,"Tender Loving Care Home
For Boys Inc.","Corinthians Helping Hand
Group Home",Approved,CDSS,6,San Bernardino,,"Rancho
Cucamonga",91730,MH/36/05/20
STRTP,"Tender Loving Care Home
For Boys, Inc.","Corinthians Helping Hand
Group Home II",Approved,CDSS,6,San Bernardino,,"Rancho
Cucamonga",91730,MH/36/06/20
STRTP,"The Teen Project, Inc",CYS Vera's Sanctuary I,Approved,CDSS,6,Orange,,Rancho Santa Margarita,92688,MH/30/01/21
STRTP,Tlc Child & Family Services,Tlc Child And Family Services - Journey Academy ,Approved,CDSS,20,Sonoma,,Sebastopol,95472,MH/49/01/20
STRTP,Transitions-Mental Health Assoication,"Youth Treatment 
Program",Approved,CDSS,6,San Luis Obispo,,"San Luis
Obispo",93401,MH/40/01/21
STRTP,Trinity Youth Services,Trinity - Apple Valley,Approved,CDSS,44,San Bernardino,,Apple Valley,92308,MH/36/06/19
STRTP,Trinity Youth Services,Trinity - Yucaipa,Approved,CDSS,48,San Bernardino,,Yucaipa,92399,MH/36/07/19
STRTP,Trinity Youth Services,Trinity - El Monte,Approved,CDSS,43,Los Angeles,,El Monte,91731,0126/190J/2019
STRTP,"Unicorn Garden, Inc.",Unicorn Garden #1,Approved,CDSS,6,Kern,,Bakersfield,93304,MH/15/01/20
STRTP,"Unicorn Garden, Inc.",Unicorn Garden #3,Approved,CDSS,6,Kern,,Bakersfield,93304,MH/15/03/20
STRTP,"Unicorn Gardens, Inc.",Unicorn Gardens #2,Approved,CDSS,6,Kern,,Bakersfield,93304,MH/15/02/20
STRTP,Uplift Family Services,Uplift Family Services,Approved,CDSS,20,Santa Clara,,Los Gatos,95030,MH/43/01/18
STRTP,Valley Teen Ranch,Valley Teen Ranch,Approved,CDSS,20,Madera,,Madera,93638,MH/20/02/19
STRTP,Valley Teen Ranch,Valley Teen Ranch,Approved,CDSS,12,Madera,,Madera,93638,MH/20/03/19
STRTP,"Victor Treatment Centers, Inc",Victor Treatment Centers-Romberger House,Approved,CDSS,6,Los Angeles,,Pasadena,91030,00118/1924/2019
STRTP,"Victor Treatment Centers,
Inc","Victor Treatment Center
- Juniper House",Approved,CDSS,6,Sonoma,,Santa Rosa,95407,MH/49/06/19
STRTP,"Victor Treatment Centers,
Inc","Victor Treatment
Centers- The Cottage",Approved,CDSS,15,Los Angeles,,Pasadena,91107,00118/1988/2019
STRTP,"Victor Treatment Centers,
Inc","Victor Treatment
Centers- ""500"" House",Approved,CDSS,6,Los Angeles,,Pasadena,91101,00118/19BS/2019
STRTP,"Victor Treatment Centers,
Inc","Victor Treatment
Centers-Bonnie House",Approved,CDSS,6,Los Angeles,,Pasadena,91106,00118/19A1/2019
STRTP,"Victor Treatment Centers,
Inc","Victor Treatment
Centers-Green House",Approved,CDSS,6,Los Angeles,,Pasadena,91107,00118/19BT/2019
STRTP,"Victor Treatment Centers,
Inc.","Victor Treatment Center
- Wright House",Approved,CDSS,8,Sonoma,,Santa Rosa,95401,MH/49/01/19
STRTP,"Victor Treatment Centers,
Inc.","Victor Treatment Center
- Lane House",Approved,CDSS,6,Sonoma,,Santa Rosa,95401,MH/49/02/19
STRTP,"Victor Treatment Centers,
Inc.","Victor Treatment Center
- Irwin House",Approved,CDSS,6,Sonoma,,Santa Rosa,95401,MH/49/03/19
STRTP,"Victor Treatment Centers,
Inc.","Victor Treatment Center
- Clover House",Approved,CDSS,6,Sonoma,,Santa Rosa,95401,MH/49/04/19
STRTP,"Victor Treatment Centers,
Inc.","Victor Treatment Center
- Country Club
House",Approved,CDSS,6,Sonoma,,Santa Rosa,95401,MH/49/05/19
STRTP,"Victor Treatment Centers,
Inc.","Victor Youth Services
(Kings Way)",Approved,CDSS,6,Shasta,,Redding,96003,STRTP/45C9/2018
STRTP,"Victor Treatment Centers,
Inc.","Victor Youth Services
(Logan)",Approved,CDSS,6,Shasta,,Redding,96003,STRTP/45D1/2018
STRTP,"Victor Treatment Centers,
Inc.","Victor Youth Services
(Alta Mesa)",Approved,CDSS,6,Shasta,,Redding,96001,STRTP/45D3/2018
STRTP,"Victor Treatment Centers,
Inc.","Victor Youth Services
(Clairvaux)",Approved,CDSS,6,Shasta,,Redding,96003,STRTP/45D4/2018
STRTP,"Victor Treatment Centers,
Inc.","Victor Youth Services -
Oasis",Approved,CDSS,6,Shasta,,Redding,96003,STRTP/45D5/20178
STRTP,"Victor Treatment Centers,
Inc.",Victor Youth Services #1,Approved,CDSS,2,Shasta,,Redding,96001,STRTP/45D6/2018
STRTP,Vista Del Mar Child And Family Services,Vista Del Mar Child And Family Services,Approved,CDSS,24,Los Angeles,,Los Angeles,90034,00196/1997/2020
STRTP,Wayfinder Family Services,Wayfinder Family Services,Approved,CDSS,32,Los Angeles,,Los Angeles,90043,01798/19/AN/2020
STRTP,"West Covina Foster Family Agency, Dba Homes Of Hope",Casa Esperanza Treatment Center,Approved,CDSS,6,Los Angeles,,Pomona,91768,122120/19F2/2020
STRTP,West Covina Group Home Corporation,Casa Esperanza Strtp Chino   ,Approved,CDSS,6,San Bernardino,,Chino,91710,MH/36/01/21
STRTP,"Willie Young's Home For
Young Men","Walt's Home For Young
Men",Approved,CDSS,6,Kern,,Bakersfield,93311,MH/15/05/21
STRTP,Youth Homes,Youth Homes - Anderson,Approved,CDSS,6,Contra Costa,,Concord,94518,MH/07/03/19
STRTP,Youth Homes,"Youth Homes - Cherry
Lane",Approved,CDSS,6,Contra Costa,,Lafayette,94549,MH/07/04/19
STRTP,"Youth Homes, Inc.",Youth Homes - Pryor,Approved,CDSS,6,Contra Costa,,Concord,94519,MH/07/01/19
STRTP,"Youth Homes, Inc. East Bay
Shelter","Youth Homes - East Bay
Shelter",Approved,CDSS,6,Contra Costa,,Pleasant Hill,94523,MH/07/02/19
STRTP,Youth Quest Inc,"Youth Quest Guidance
Center",Approved,CDSS,6,Kern,,Bakersfield,93307,MH/15/06/21
